index,course number,course name
148,AB100,Auto Body Basic Skills 
149,AB117,Auto Painting II 
150,AB201,Panel Replacement 
151,AB205,Tech Skills/Collision Repair 
152,AB280A,CE: Auto Body Repair 
153,AB280B,CE: Auto Body Repair - Seminar 
883,ABE0782,ABE Foundations of Math 1 
1217,ABE0790,Intermediate RD & WR 
1362,ABE0790,Intermediate RD & WR 
1,AD101,Addiction 
2,AD102,Drug Use and Addiction 
3,AD104,Multicultural Counseling 
4,AD106,Nicotine Cessation 
5,AD107,Addiction Recovery Mentor 
6,AD110,Substance Abuse Prevention 
10,AD152,Group Counsel and Addiction 
7,AD153,Theories of Counseling 
11,AD154,Client Record Mgmt & Addiction 
12,AD156,Prof Ethics Issues Counseling 
8,AD160,Basic Counseling 
13,AD161,Motivational Interview/Addict 
9,AD184,Men & Addiction 
14,AD255,Multiple Diagnoses 
15,AD270A,Practicum: Addiction 
16,AD270B,Practicum: Addiction- Seminar 
17,AD278,Practicum Prep 
884,ALC20B,Math 20 Lab - 1.00 credits 
885,ALC20C,Math 20 Lab - 2.00 credits 
584,ALC50,English Skills Lab - 0 credits 
585,ALC51,English Skills Lab - 1 credit 
586,ALC52,English Skills Lab - 2 credits 
587,ALC53,English Skills Lab - 3 credits 
886,ALC60B,Math 60 Lab - 1.00 credits 
887,ALC60C,Math 60 Lab - 2.00 credits 
888,ALC65B,Math 65 Lab - 1.00 credits 
889,ALC65C,Math 65 Lab - 2.00 credits 
890,ALC95B,Math 95 Lab - 1.00 credits 
891,ALC95C,Math 95 Lab - 2.00 credits 
155,AM100,Intro to Automotive Systems 
163,AM111,Engine Repair 
165,AM121,Automatic Transmission/Transax 
159,AM131,Manual Drive Train and Axles 
171,AM132,Advanced Automatic and Manual 
162,AM141,Suspension and Steering 
168,AM142,"Adv. Susp, Steering & Brakes "
156,AM151,Brakes 
161,AM161,Electrical Systems I 
167,AM162,Electrical Systems II 
157,AM163,Advanced Electrical/Electronic 
169,AM171,Heating & Air Conditioning Sys 
158,AM181,Engine Performance I 
164,AM182,Engine Performance II 
170,AM183,Engine Performance III 
160,AM201,Auto Shop Lab I 
166,AM202,Auto Shop Lab II 
172,AM203,Auto Shop Lab III 
173,AM280A,CE: Automotive Service 
175,AMT101,Introduction to AMT 
178,AMT102,Aircraft Electricity I 
186,AMT105,Aviation CFR & Related Subject 
179,AMT106,Aircraft Applied Science 
182,AMT107,Materials & Processes 
176,AMT108,AMT Practicum/General 
183,AMT115,Aircraft Struc & Inspection 
187,AMT117,Recipr Engine Theory & Maint 
188,AMT120,Propellers & Engine Install 
180,AMT121,Turbine Engine Theory & Maint 
184,AMT203,Aircraft Electricity II 
189,AMT204,Aircraft Electricity III 
181,AMT211,Composite Structures 
177,AMT216,AMT Practicum/Airframe 
185,AMT219,Turbine Engine Overhaul 
37,APR102,LME: DC Motors 
39,APR122,AC/DC Motor Principles 
40,APR125,Elect. Circuits/Wiring Methods 
43,APR131,Refrigeration I 
44,APR132,Refrigeration II 
45,APR133,Refrigeration III 
36,APR162,Calculations for the Trades 
33,APR200,Trades Preparation 
42,APR201,Electrical Motor Controls 
38,APR202,LME: Electrical Code Level I 
41,APR225,Electrical Code - Level II 
46,ARCH101,Intro to Residential Design 
47,ARCH110,Intro to Architectural Drawing 
214,ARCH110,Intro to Architectural Drawing 
48,ARCH111,Intro to Res. Const. Docs. 
49,ARCH112,Intro to Comm. Const. Docs. 
50,ARCH121,Structural Systems 1 
51,ARCH122,Structural Systems 2 
52,ARCH124,Intro to Building Systems 
53,ARCH126,Introduction to AutoCAD 
54,ARCH127,Intro to Google SketchUp 
55,ARCH132,Residential Building Codes 
56,ARCH134,Energy Conservation Code 
57,ARCH136,Intermediate AutoCAD 
58,ARCH161,Residential Print Reading 
59,ARCH162,Commercial Print Reading 
60,ARCH200,Principles of Arch. Design 
61,ARCH202,Commercial Studio 
62,ARCH224,Active & Passive Bldg Systems 
63,ARCH237,Intro to Revit Architecture 
68,ARCH280,CE: Arch Design & Drafting 
70,ART101,Understanding Architecture 
71,ART102,Understanding the Visual Arts 
72,ART103,Understanding New Media Arts 
73,ART115,Basic Design - 2D Foundations 
74,ART116,Basic Design-Color Foundations 
75,ART117,Basic Design - 3D Foundations 
76,ART131A,Drawing I 
77,ART131B,Drawing I 
78,ART131C,Drawing I 
79,ART140A,Digital Photography I 
80,ART140B,Digital Photography I 
81,ART140C,Digital Photography I 
82,ART141,Introduction to Photography 
83,ART142A,Intro to B&W; Photo (Darkroom) 
84,ART142B,Intro to B&W; Photo (Darkroom) 
85,ART142C,Intro to B&W; Photo (Darkroom) 
86,ART143A,B&W; Photo II (Darkroom) 
87,ART143B,B&W; Photo II (Darkroom) 
88,ART143C,B&W; Photo II (Darkroom) 
89,ART181A,Painting I 
90,ART181B,Painting I 
91,ART181C,Painting I 
69,ART199V,Introduction to Screenprinting 
92,ART204,History of Western Art 
93,ART205,History of Western Art 
94,ART206,History of Western Art 
95,ART208,History of Asian Art 
96,ART210,Women in Art 
97,ART212,Mod Art Hst:Early 20th Cen Art 
98,ART213,Mod Art Hst: Art Since 1945 
99,ART214,History of Graphic Design 
100,ART215,History of American Res. Arch. 
101,ART218B,Callig I Italic 
102,ART231A,Drawing II 
103,ART231B,Drawing II 
104,ART231C,Drawing II 
105,ART237A,Life Drawing 
106,ART237B,Life Drawing 
107,ART237C,Life Drawing 
108,ART240A,Digital Photography II 
109,ART240B,Digital Photography II 
110,ART240C,Digital Photography II 
111,ART243,The Photographic Portfolio 
112,ART253A,Ceramics I 
113,ART253B,Ceramics I 
114,ART253C,Ceramics I 
115,ART256A,Ceramics II 
116,ART256B,Ceramics II 
117,ART256C,Ceramics II 
118,ART270A,Printmaking I 
119,ART270B,Printmaking I 
120,ART270C,Printmaking I 
121,ART271A,Printmaking II 
122,ART271B,Printmaking II 
123,ART271C,Printmaking II 
124,ART277A,Life Painting 
125,ART277B,Life Painting 
126,ART277C,Life Painting 
127,ART279A,Experimental Media 
128,ART279B,Experimental Media 
129,ART279C,Experimental Media 
130,ART281A,Painting II 
131,ART281B,Painting II 
132,ART281C,Painting II 
133,ART284A,Water Media I 
134,ART284B,Water Media I 
135,ART284C,Water Media I 
136,ART287A,Water Media II 
137,ART287B,Water Media II 
138,ART287C,Water Media II 
139,ART291A,Sculpture: Carving 
140,ART291B,Sculpture: Carving 
141,ART291C,Sculpture: Carving 
142,ART293A,Figure Sculpture 
143,ART293B,Figure Sculpture 
144,ART293C,Figure Sculpture 
145,ART294A,Sculpture: Metals 
146,ART294B,Sculpture: Metals 
147,ART294C,Sculpture: Metals 
18,ASL101,1st Yr Amer Sign Language I 
19,ASL102,1st Yr Amer Sign Language II 
20,ASL151,Accel American Sign Language 
21,ASL201,2nd Yr Amer Sign Language IV 
22,ASL202,2nd Yr Amer Sign Language V 
23,ASL240,Intro to the Deaf Community 
24,ATH101,Intro to Physical Anthropology 
25,ATH102,Intro Archaeology & Prehistory 
26,ATH103,Intro to Cultural Anthropology 
27,ATH207,Cult Ath: Cult Concepts 
28,ATH208,Cult Ath: Cultures of World 
29,ATH212,Introduction to Shamanism 
30,ATH231,Native Americans of the N.W. 
31,ATH232,Native North Americans 
32,ATH235,Prehistoric Mexico/Cen America 
190,AVS127,Introduction to Aviation 
235,BA101,Introduction to Business 
236,BA111,Introduction to Accounting 
237,BA131,Intro to Business Technology 
238,BA150,Intro to Entrepreneurship 
239,BA177,Payroll Accounting 
240,BA203,Intro to International Bus 
241,BA205,Business Communication 
242,BA206,Management Fundamentals 
243,BA207,Introduction to E-Commerce 
244,BA211,Principles of Accounting I 
245,BA212,Principles of Accounting II 
246,BA213,Managerial Accounting 
247,BA218,Personal Finance 
248,BA222,Financial Management 
249,BA223,Principles of Marketing 
250,BA224,Human Resource Management 
251,BA226,Business Law I 
252,BA228,Comp Accounting Applications 
253,BA235,Social Media Marketing 
254,BA236,Product Mgmt and Branding 
255,BA238,Sales 
256,BA239,Advertising 
257,BA240,Nonprofit Fin. Mngmt. & Acctg. 
258,BA242,Introduction to Investments 
259,BA249,Prin/Retailing & E-tailing 
260,BA250,Small Business Management 
261,BA255,Project Management -Bus Enviro 
262,BA256,Income Tax 
263,BA277,Bus. Practices and Cont Issues 
264,BA278,Eco-Innovate Soc Entrepreneur 
267,BA280A,CE: Business Experience 
268,BA280B,CE: Bus Experience - Sem 
265,BA281,Accounting Skills Review 
266,BA285,Human Relations-Organizations 
215,BCT102,Residential Printreading 
216,BCT105,CAD for Constructors I 
217,BCT106,Hand Tool/Power Tool Use & Saf 
218,BCT127,Residential Concrete 
224,BCT134,Construction Scheduling 
219,BCT135,Residential Building Codes 
220,BCT199J,Bluebeam for Construction 
225,BCT202C,Bus. Principles for Constructi 
221,BCT203,Interior Finish 
222,BCT206,Sustainable Const. Practices 
226,BCT214,Adv Construction Estimating 
223,BCT219,Cabinetmaking I 
227,BCT222,Engineering for Constructors 
228,BCT280A,CE: Building Construction 
191,BI101,Biology 
192,BI102,Biology 
193,BI103,Biology 
194,BI112,Cell Biology for Health Occ 
201,BI121,Intro Human Anatomy/Phys I 
202,BI122,Intro Human Anat/Phys II 
195,BI142,Habitats: Marine Biology 
196,BI145,Intro Fish & Wild Cons. & Mgmt 
197,BI211,Principles of Biology 
198,BI212,Principles of Biology 
199,BI213,Principles of Biology 
200,BI222,Human Genetics 
203,BI231,Human Anatomy & Physiology I 
204,BI232,Human Anatomy & Physiology II 
205,BI233,Human Anatomy & Physiology III 
207,BI234,Microbiology 
206,BI241,Pathophysiology 
208,BI287,Introduction to Immunology 
209,BIT126,Applied Quality Practice 
210,BIT181,Exploring Bioscience 
211,BIT203,Recombinant DNA 
212,BIT205,Bioseparations 
351,CADD126,Introduction to AutoCAD 
352,CADD136,Intermediate AutoCAD 
354,CADD175,SolidWorks Fundamentals 
353,CADD185,Inventor Fundamentals 
350,CADD195,Statics/Mechanics for Designer 
355,CADD275,SolidWorks Advanced 
362,CAS100A,Computer Success Skills 
365,CAS101,Intro to Website Devel & Desig 
363,CAS103,Introduction to Windows 
366,CAS104,Basic Internet Skills 
367,CAS106,Introduction to HTML 
393,CAS109,Beginning PowerPoint 
368,CAS110,Introduction to Web Graphics 
369,CAS111D,Begin Website: Dreamweaver 
370,CAS111W,Beg Website Design:WordPress 
394,CAS118,Beginning Photoshop 
382,CAS121,Beginning Keyboarding 
383,CAS121A,Beginning Keyboarding 
384,CAS122,Keyboarding for Speed/Accuracy 
385,CAS123,Professional Doc Formatting 
364,CAS133,Basic Computer Skill/MS Office 
371,CAS137,Basic Web Design Skills/Adobe 
386,CAS140,Beginning Access 
372,CAS151,Microsoft Outlook 
388,CAS170,Beginning Excel 
387,CAS170A,Beginning Excel 
389,CAS171,Intermediate Excel 
373,CAS175E,Intro Web Animation 
374,CAS180,Search Engine Optimization-SEO 
375,CAS206,Principles of HTML and CSS 
376,CAS211W,WordPress Customization/Themes 
377,CAS213,JavaScript JQuery Designers 
378,CAS215,Inter. CSS/Preprocessors 
390,CAS216,Beginning Word 
391,CAS216A,Beginning Word 
392,CAS217,Intermediate Word 
379,CAS222,Integrated Website Design 
380,CAS225,PHP and MySQL for Designers 
395,CAS231,Publisher 
396,CAS232,Desktop Publishing: InDesign 
397,CAS233,Beginning Illustrator 
381,CAS242,UX/UI Design for the Web 
398,CAS246,Integrated Computer Projects 
399,CAS280W,CE: WebSite Development 
35,CEU3168,"Forklift, Safety & Code "
34,CEU925P,Coyne 1st Aid/CPR for Trades 
546,CEU931I,24 hr EMT Recert 
317,CG0693,Confidence Building 
319,CG100,College Survival and Success 
318,CG101,Col.Surv & Success: Pers. Resp 
320,CG105,Scholarships: $$ for College 
321,CG111A,Study Skills for Coll Learning 
322,CG111B,Study Skills for Coll Learning 
323,CG112,Managing Test Anxiety 
324,CG114,Financial Survival 
325,CG130,Today's Careers 
326,CG130H,Intro Today's Careers: Health 
327,CG140A,Career and Life Planning 
328,CG140B,Career and Life Planning 
329,CG144,Intro to Assertiveness 
330,CG145,Stress Management 
331,CG146,Value Clarification 
332,CG147,Decision Making 
333,CG191,Exploring Identity & Diversity 
334,CG209,Job Finding Skills 
335,CG225,Trans to a Four Year College 
336,CG280A,CE: Career Development 
270,CH100,Everyday Chemistry with Lab 
271,CH102,Organic Chemistry Principles 
272,CH104,Allied Health Chemistry I 
273,CH105,Allied Health Chemistry II 
274,CH106,Allied Health Chemistry III 
275,CH151,Preparatory Chemistry 
276,CH221,General Chemistry I 
277,CH222,General Chemistry II 
278,CH223,General Chemistry III 
279,CH241,Organic Chemistry I 
280,CH242,Organic Chemistry II 
281,CHLA201,Intro Chicano/Latino Studies 1 
282,CHLA202,Chicano/Latino Studies II 
305,CHN101,First Year Chinese 
306,CHN102,First Year Chinese 
307,CHN202,Second Year Chinese 
400,CIS120,Computer Concepts I 
401,CIS121,Computer Concepts II 
402,CIS122,Intro to Programming Logic 
403,CIS125D,Database Application Dev I 
404,CIS133J,Java Programming I 
405,CIS133N,Intro to Programming C#.NET 
406,CIS133W,JavaScript for Web Developers 
407,CIS135M,Mobile App Prog for Android 
408,CIS140M,Operating Systems I: Microsoft 
409,CIS145,Micro Computer Hardware 
410,CIS179,Data Comm Concepts I 
411,CIS188,Intro to Wireless Networking 
412,CIS195P,PHP Web Development I 
413,CIS225,End User Support 
414,CIS233J,Java Programming II 
415,CIS233W,JavaScript for Web Dev. II 
416,CIS240L,Linux Installation and Config 
417,CIS240M,Managing a Windows Server Env 
418,CIS244,Systems Analysis 
419,CIS245,Project Management- Info Syst 
420,CIS275,Data Modeling and SQL Intro 
421,CIS276,Advanced SQL 
422,CIS279L,Linux Network Administration 
427,CIS280D,CE: Application Development 
423,CIS284C,Cybersecurity Concepts 
424,CIS287M,Microsoft Server Security 
425,CIS288M,MS Network Administration 
426,CIS289M,MS Active Directory Admin. 
439,CJA100,Professions in Crim. Justice 
440,CJA101,Cultural Diversity in CJ Prof 
441,CJA111,Intro Crim Just Sys - Police 
442,CJA112,Intro Crim Just Sys - Courts 
443,CJA113,Intro to CJS- Corrections 
444,CJA114,Intro. to Juvenile Process 
445,CJA210,"Arrest, Search & Seizure "
446,CJA211,Civil Liability & Ethics in CJ 
447,CJA212,Criminal Law 
448,CJA213,Evidence 
449,CJA214,Criminal Investigation 
450,CJA215,Forensic Sci & Criminalistics 
451,CJA217,Interviewing & Interrogation 
452,CJA225,Your Rights and the Police 
453,CJA230,Police Report Writing 
454,CJA234,National Security & Intel. 
455,CJA243,Narcotics & Dangerous Drugs 
456,CJA244,Tact. Comm. Crisis Incidents 
457,CJA263,Intro to Corrections Casework 
458,CJA264,Intro. Corrections Admin 
0,Class,"Schedule
       "
154,Class,"Schedule
       "
174,Class,"Schedule
       "
213,Class,"Schedule
       "
269,Class,"Schedule
       "
283,Class,"Schedule
       "
316,Class,"Schedule
       "
349,Class,"Schedule
       "
356,Class,"Schedule
       "
459,Class,"Schedule
       "
484,Class,"Schedule
       "
485,Class,"Schedule
       "
486,Class,"Schedule
       "
487,Class,"Schedule
       "
495,Class,"Schedule
       "
516,Class,"Schedule
       "
565,Class,"Schedule
       "
588,Class,"Schedule
       "
647,Class,"Schedule
       "
661,Class,"Schedule
       "
730,Class,"Schedule
       "
771,Class,"Schedule
       "
804,Class,"Schedule
       "
807,Class,"Schedule
       "
808,Class,"Schedule
       "
882,Class,"Schedule
       "
913,Class,"Schedule
       "
918,Class,"Schedule
       "
919,Class,"Schedule
       "
1036,Class,"Schedule
       "
1037,Class,"Schedule
       "
1080,Class,"Schedule
       "
1214,Class,"Schedule
       "
1222,Class,"Schedule
       "
1229,Class,"Schedule
       "
1230,Class,"Schedule
       "
1231,Class,"Schedule
       "
1257,Class,"Schedule
       "
1258,Class,"Schedule
       "
1283,Class,"Schedule
       "
1284,Class,"Schedule
       "
1357,Class,"Schedule
       "
308,CMET110,Statics 
309,CMET111,Portland Design: BBB 
310,CMET112,Technical Algebra/Trigonometry 
311,CMET211,Environmental Quality 
312,CMET212,Thermodynamics I 
313,CMET228,Construction Materials 
314,CMET241,Structural Steel Drafting 
315,CMET255,Civil & Mech. Prof Skill I 
337,COMM100,Introduction to Communication 
338,COMM101,Oral Communication Skills 
339,COMM105,Listening 
340,COMM111,Public Speaking 
341,COMM112,Persuasive Speaking 
342,COMM130,Business & Professional Comm 
343,COMM140,Intro to Intercultural Comm 
344,COMM204,Visual Communication for Media 
345,COMM214,Interper Comm:Process & Theory 
346,COMM215,Sm Grp Comm: Process & Theory 
347,COMM228,Mass Communication and Society 
348,COMM237,Gender and Communication 
428,CS133G,Introduction to Computer Games 
429,CS133U,C Programming 
430,CS140U,Intro to UNIX/Linux 
431,CS160,Exploring Computer Science 
432,CS161,Computer Science I 
433,CS162,Computer Science II 
434,CS201,Computer Systems 
435,CS250,Discrete Structures I 
436,CS251,Discrete Structures II 
437,CS260,Data Structures 
438,CS261,Programming Systems 
792,CSS200,Soils and Plant Nutrition 
460,D121,Conditioning for Dance 
473,D130A,Modern Dance I 
474,D130B,Modern Dance I 
475,D131A,Modern Dance II 
471,D150,Jazz Dance I 
472,D151,Jazz Dance II 
476,D170,World Dance 
468,D177,Hip Hop 
469,D177B,Hip Hop II 
467,D184,Ballroom Dance 
461,D190A,Ballet I 
462,D190B,Ballet I 
463,D191A,Ballet II 
464,D191B,Ballet II 
477,D209,Dance Performance 
478,D210,Dance Performance 
479,D211,Dance Performance 
470,D275,Dance and Hip Hop Culture 
465,D290A,Ballet III 
466,D290B,Ballet III 
488,DS101,Diesel Rebuild and Lab 
489,DS102,Truck Power Train 
490,DS103,Fuel Injection Systems 
491,DS104,Fund Electricity & Electronics 
492,DS202,Heavy Duty Power Train 
493,DS203,Fuel Inject Syst Diagnostics 
494,DS204,DSL Start/Charge & Elect Cntrl 
480,DST150,Cat Service Tech Internship 
481,DST200,Undercarriage and Final Drive 
482,DST201,Machine Electronic Systems 
483,DST203,Caterpillar Machine Diagnostic 
496,EC200,"Prin Econ: Intro, Inst & Phil "
497,EC201,Prin Econ: Microeconomics 
498,EC202,Prin Econ: Macroeconomics 
499,EC230,Cont Wrld Eco Issu: Intl Econ 
284,ECE120,Intro Early Ed & Fam Studies 
285,ECE121,Observation & Guidance I 
286,ECE122I,Envir/Curr Infants and Toddler 
287,ECE123P,Envir/Curr Preschool 
288,ECE124,Multicultural Practice:Views 
289,ECE130A,Practicum Seminar 1 
290,ECE130B,Practicum Seminar 2 
291,ECE130C,Practicum Seminar 3 
292,ECE131A,Practicum for Exp Teachers 1 
293,ECE131B,Practicum for Exp Teachers 2 
294,ECE133,Practicum 1 in ECE 
295,ECE134,Practicum 2 in ECE 
296,ECE135,Practicum 3 in ECE 
297,ECE196,Communication in ECE 
298,ECE200,The Professional in EEFS 
299,ECE221,Observation and Guidance II 
300,ECE232,Math and Science in ECE 
500,ED100,Introduction to Education 
513,ED112,Intro to Children's Literature 
501,ED124,Inst. Strategies: Math/Science 
502,ED131,Applied Learning Theory 
503,ED136,Learning with Technology 
514,ED136,Learning with Technology 
504,ED217,Classroom Management 
505,ED224,Foundations of Education 
515,ED224,Foundations of Education 
506,ED258,Multicultural Educ: Principles 
507,ED268,Intro Developmental Disabiliti 
508,ED269,Teach Lrning Disabled Student 
509,ED270,Practicum I 
510,ED271,Practicum II 
511,ED272,Practicum III 
512,ED290,Sheltered Instruction for ELLs 
787,ED298A,Ind. Projects in Education 
1256,ED298A,Ind. Projects in Education 
524,EET101,Intro to Elect. Test Equip 
525,EET111,Elec Circuit Analysis I 
526,EET112,Elec Circuit Analysis II 
527,EET121,Digital Systems 1 
528,EET122,Digital Systems 2 
529,EET188,Industrial Safety 
530,EET222,Operational Amplifier Circuits 
531,EET241,Programming for Electronics 
532,EET254,Electronic Engr Tech Seminar 
533,EET261,Biomedical Equipment II 
534,EET280A,CE:Electronic Engineering Tech 
535,EET280C,CE: BMET Practicum 
517,ELT110,Electricity f/Non-Electrician 
518,ELT125,Basic Prog Controllers-PC Base 
519,ELT126,Int Prog Controllers-PC Based 
520,ELT201,Electrical Motor Control 
521,ELT204,Adjustable Speed Drives 
522,ELT220,OSHA 30 HR Safety Training 
523,ELT225,Adv Prog Controllers PC Based 
536,EM101,Intro to Emergency Services 
537,EM110,Theory of Emergency Mgmt 
538,EM112,Theory of Homeland Sec 
539,EM199B,Drone Application 
540,EM202,Hazard Mitigation 
541,EM204,Disaster Response II 
542,EM205,Disaster Recovery 
543,EM211,Public Policy & Law in EM 
544,EM215,Crisis Intervention & CISM 
545,EM299,Emergency Operation Center 
547,EMS100,Intro Emergency Medical Serv 
548,EMS105,EMT Part I 
549,EMS106,EMT Part II 
550,EMS114,Emergency Resp Patient Traspo 
551,EMS116,Emergency Med Serv Rescue 
552,EMS136,Advanced EMT Part 2 
553,EMS240,Paramedic I 
566,ENG104,Intro to Literature (Fiction) 
567,ENG106,Intro to Literature (Poetry) 
568,ENG195,Film Studies: Film as Art 
569,ENG196,Film Studies: Directors 
570,ENG197,Film Studies: Themes & Genres 
571,ENG201,Shakespeare: Early Works 
572,ENG202,Shakespeare: Later Works 
573,ENG213,Latin American Literature 
574,ENG214,Literature of the Northwest 
575,ENG216,Teen and Children's Literature 
576,ENG220,Comics and Graphic Novels 
577,ENG230,Environmental Literature 
578,ENG240,Intro to Native American Lit 
579,ENG250,Intro to Folklore & Mythology 
580,ENG254,American Literature from 1865 
581,ENG260,Intro to Women Writers 
582,ENG265,Literature of Social Protest 
583,ENG269,Wilderness Literature 
554,ENGR100,Exploring Engineering 
555,ENGR101,Engineering Fundamentals 
556,ENGR102,Engineering Graphics 
557,ENGR105,ENG. Graph. 3-D 
558,ENGR114,Engineering Programming 
559,ENGR171,Intro to Digital Logic Design 
560,ENGR211,Statics 
561,ENGR212,Dynamics 
562,ENGR221,Electrical Circuits I 
563,ENGR222,Electrical Circuits II 
564,ENGR262,Manufacturing Processes 
589,ESOL10,Level 1 Integrated Skills 
603,ESOL150,Level 5 Reading 
596,ESOL150N,Level 5 Reading 
604,ESOL152,Level 5 Writing 
597,ESOL152N,Level 5 Writing 
605,ESOL153,Grammar 1 
598,ESOL153N,ESOL Grammar 1 
606,ESOL154,Level 5 Communication 
599,ESOL154N,Level 5 Communication 
607,ESOL160,Level 6 Academic Reading 
608,ESOL162,Level 6 Academic Writing 
609,ESOL163,Grammar 2 
610,ESOL164,Level 6 Academic Communication 
590,ESOL20,Level 2 Integrated Skills 
592,ESOL23,ESOL Language Learning Lab 
611,ESOL250,Level 7 Academic Reading 
612,ESOL252,Level 7 Academic Writing 
613,ESOL254,Level 7 Academic Communication 
614,ESOL260,Level 8 Academic Reading 
615,ESOL262,Level 8 Academic Writing 
616,ESOL264,Level 8 Academic Communication 
617,ESOL267,Level 8 Pronunciation 
591,ESOL30,Level 3 Integrated Skills 
600,ESOL40,Level 4 Reading 
593,ESOL40N,Level 4 Reading 
601,ESOL42,Level 4 Writing 
594,ESOL42N,Level 4 Writing 
602,ESOL44,Level 4 Communication 
595,ESOL44N,Level 4 Communication 
618,ESR140,Intro to Sustainability 
619,ESR150,Environ Studies Orientation 
620,ESR171,Environ Science:Bio Perspect 
621,ESR172,Environ Science:Chem Perspect 
622,ESR173,Environ Science:Geolog Perspec 
623,ESR200,Intro to Environmental Systems 
624,ESR201,Applied Environ Studies: 
634,FMT100,Intro Facilities Maint Systems 
635,FMT101,Refrigeration I 
636,FMT102,Refrigeration II 
637,FMT103,Refrigeration III 
638,FMT111,Refrigeration Electrical I 
639,FMT112,Refrigeration Electrical II 
640,FMT113,Refrigeration Electrical III 
641,FMT122,Intro to Boilers 
642,FMT125,Natural Gas Equipment I 
643,FMT201,Introduction to Chiller System 
644,FMT202,Dir Digital Control Adv Tech 
645,FMT210,Basic HVAC/R Install 
646,FMT222,Intermediate Boilers 
662,FN110,Personal Nutrition 
663,FN113,Everyday Nutr Lab 
664,FN225,Nutrition 
648,FP101,Prin of Emerg Services 
652,FP122,Funds of Fire Prevention 
649,FP123,Haz Mat Awareness/Operations 
653,FP130,Fire Pro Hydraulics & Water Su 
654,FP137,Fire Protection Systems 
655,FP166,Bldg Const for Fire Protection 
650,FP199D,Fire Academy Part 2 
656,FP207,Fire Service Based EMS 
657,FP212,Fire Invest (Cause Determin) 
658,FP240,Emergency Serv Instructor I 
659,FP274,Intro to Fire & Emergency Admi 
651,FP280A,CE: Fire Protection 
660,FP295,Major Emergency Tac/Strat 
665,FR101,First Year French 
666,FR102,First Year French 
667,FR103,First Year French 
668,FR202,Second Year French 
669,FR212A,Inter French Conversation 
625,FT102,Injury Prevention & Management 
626,FT103,Nutrition for Fitness Instruc 
627,FT104,Fitness Assessment 
628,FT106,Analysis of Movement 
629,FT180,Fit Tech Intern Prep 
630,FT201,Adv Fitness Assess & Presc 
631,FT202,Fitness and Aging 
686,G147,Geology of the National Parks 
687,G148,Volcanoes and Earthquakes 
688,G184,Global Climate Change 
689,G200G,Geol Field Stud Columbia River 
690,G201,Physical Geology 
691,G202,Physical Geology 
692,G207,Geology of the Pacific N.W. 
693,G209,Earthquakes 
711,GD116,Intermediate Typography 
712,GD120,Graphic Design I 
713,GD122,Graphic Design 2 
714,GD140,Digital Page Design 1 
715,GD150,Digital Illustration 1 
716,GD222,Graphic Design 5 
717,GD228,Prof. Graphic Design Practices 
718,GD242,Combined Graphic Programs 
719,GD280A,CE: Graphic Design 
674,GEO105,Human Geography 
675,GEO106,World Regional Geography 
676,GEO110,The Natural Environment 
677,GEO170,Maps and Geospatial Concepts 
678,GEO202,Geography of Europe 
679,GEO212,Geography of Global Issues 
680,GEO240,Cartography 
681,GEO246,Remote Sensing 
682,GEO248,UAS Applications 
683,GEO265,Introduction to GIS 
684,GEO266,GIS Analysis 
685,GEO280A,CE: Geography 
694,GER101,First Year German 
695,GER102,First Year German 
696,GER202,Second Year German 
697,GRN172,Adult Care Home Training 
698,GRN175,The Aging Mind 
699,GRN181,Exploring the Field of Aging 
700,GRN201,Ageism 
701,GRN234,Intro Dementia Care & Practice 
702,GRN239,End of Life Practices 
703,GRN245,Guardianship Introduction 
704,GRN247,Appl Legal & Policy Iss Aging 
705,GRN265,Activity Certification 1 
706,GRN266,Activity Certification 2 
707,GRN267,Prof Therapeutic Horticulture 
708,GRN280A,CE: Gerontology Internship 
709,GRN280B,Gerontology Internship Seminar 
710,GRN282,Gerontology Prof Seminar 
670,GS106,Physical Science (Geology) 
671,GS107,Physical Science (Astronomy) 
672,GS108,Phys Science (Oceanography) 
673,GS109,Physical Science (Meteorology) 
732,HE112,Standard First Aid & CPR/AED 
733,HE125,First Aid & Industrial Safety 
734,HE212,Women's Health 
735,HE213,Men's Health 
736,HE242,Stress and Human Health 
737,HE250,Personal Health 
738,HE251,Community/Public Health Issues 
739,HE252,First Aid - Basics and Beyond 
740,HE254,Weight Management and Health 
741,HE262,"Child Health,Nutrition,Safety "
742,HE264,"Health, Food & the Environment "
743,HE278,Human Health and Environment 
731,HE295,Health and Fitness for Life 
744,HE299D,Global Health 
303,HEC201,Family Partnerships 
304,HEC226,Child Development 
720,HIM105,Ancillary Information Analysis 
721,HIM107,Ancillary Info Analysis Lab 
722,HIM121,Legal/Ethical Aspects Hlthcare 
723,HIM129,A & P for Health Info Mgmt 2 
724,HIM141,Health Record Content Non-Acut 
725,HIM271,Quality Improv in Healthcare 
726,HIM273,ICD Diagnosis Coding 
727,HIM274,Quality Improvement HC Lab 
728,HIM282,Healthcare Statistics 
729,HIM285,HC Financing & Compliance 
763,HON101,Intro to Honors: Scholarly Inq 
793,HOR227,Plant Materials - Evergreens 
794,HOR290,Intro to Landscape Design 
795,HOR291,Landscape Design Process 
745,HST100,Introduction to History 
746,HST101,West Civ: Ancnt to Mdvl 
747,HST102,West Civ: Medieval to Modern 
748,HST102H,West Civ: Med to Modern Honors 
764,HST102H,West Civ: Med to Modern Honors 
749,HST103,Western Civ: Modern Europe 
750,HST104,History of the Middle East 
751,HST106,History of China 
752,HST107,History of Korea and Japan 
753,HST201,History of the US to 1840 
754,HST202,History of the US 1840-1914 
755,HST203,History of US 1914 to Present 
756,HST204,US Women: Pre-colonial to 1877 
757,HST205,US Women: 1877 to Present 
758,HST218,American Indian History 
759,HST250,African American Hist to 1877 
760,HST271,Hist Central America/Caribbean 
761,HST277,History of the Oregon Trail 
762,HST285,The Holocaust 
767,HUM100,Intro to Humanities 
768,HUM202,Hum & Tech:Contemporary Issues 
769,HUM214,Race and Racism 
770,HUM221,Leadership Development 
301,HUS101,Introduction to Human Services 
302,HUS102,Mental Health First Aid: Adult 
772,ID120,Interior Products/Materials I 
773,ID121,Sustainable Mtls Res Int 
774,ID123,Hist of Furniture-1800/Present 
775,ID125,Computer Drafting for Int Dsg. 
776,ID131,Introduction to Interiors 
777,ID133,Space Planning and Design 
778,ID135,Pro Practice for Designers 
779,ID224,Furniture Studio I 
780,ID238,Advanced Kiten/Bath Planning 
781,ID280A,CE: Kitchen and Bath 
64,INSP152,Int. Res. Code Mechanical 
234,INSP152,Int. Res. Code Mechanical 
65,INSP201,Plans Examination-Commercial 
229,INSP201,Plans Examination-Commercial 
66,INSP252,International Building Code II 
230,INSP252,International Building Code II 
67,INSP256,Int. Mechanical Code II 
231,INSP256,Int. Mechanical Code II 
232,INSP280,CE:Field Experience 
233,INSP280B,CE: Field Experience 
782,INTL201,Intro to International Studies 
1220,IRW115,Intro Reading & Composition 
1363,IRW115,Intro Reading & Composition 
1221,IRW90,Found Reading & Composition 
1364,IRW90,Found Reading & Composition 
788,J102,Intro Information Gathering 
789,J103,Introduction to Media Writing 
790,J201,Mass Communication and Society 
791,J204,Visual Communication for Media 
783,JPN101,First Year Japanese 
784,JPN102,First Year Japanese 
785,JPN112C,First Yr Japanese Conversation 
786,JPN202,Second Year Japanese 
796,LAT104,Pesticides 
797,LAT109,Plant Propagation 
798,LAT243,Landscape Business Operations 
799,LAT264,Landscape Estimating & Bidding 
800,LAT271,Computer Aided Landscape Desig 
801,LAT272,Sustainable Landscaping 
802,LAT280A,CE: Landscape 
803,LAT280C,CE: Landscape Design 
805,LIB101,Library Research and Beyond 
806,LIB127,Advanced Library Research 
914,MA122,Med Office Assistant Sem II 
915,MA123,Med Office Clinical Procedures 
916,MA124,Med Office Clinical Proc (Lab) 
917,MA130,Clinical Phlebotomy II 
809,MCH100,Machine Tool Basics 
836,MCH101,Occupational Health & Safety 
837,MCH102,Introduction to Manufacturing 
810,MCH105,Blueprint Reading I 
811,MCH110,Blueprint Reading II 
812,MCH115,Geometric Dimension/Tolerance 
813,MCH120,Machine Shop Math 
814,MCH121,Manufacturing Processes I 
838,MCH123,Sheet Metal Fabrication 
815,MCH125,Speeds and Feeds 
816,MCH130,Machine Shop Trigonometry 
817,MCH135,Basic Measuring Tools 
818,MCH145,Layout Tools 
819,MCH150,Precision Measuring Tools 
820,MCH160,Drilling Machines & Operations 
821,MCH175,Band Saws 
822,MCH180,Turning Machines & Operations 
823,MCH190,Boring on the Lathe 
824,MCH195,Threading on the Lathe 
825,MCH205,Vertical Mill Mach & Operation 
839,MCH215,Horizontal Milling Machines 
840,MCH222,CMM Operation 
826,MCH225,Surface Grind Mach & Operation 
841,MCH227,CNC Grinder Operation 
842,MCH228,Abrasives 
843,MCH229,Rapid Prototyping 
844,MCH240,Cutting Tool Technology 
845,MCH245,Metallurgy 
827,MCH259,CNC Programming-Lathe 
828,MCH268,CNC Programming-Mill 
829,MCH272,Mastercam Level I 
830,MCH273,Mastercam Level II 
846,MCH276,Mastercam Solids 
847,MCH277,Mastercam CNC/CAM Project 
831,MCH278,CNC Operation - Mill 
832,MCH279,CNC Operation - Lathe 
853,MCH280,CE: Machine Technology 
848,MCH282,CNC Router Operation 
833,MCH286A,TSA Manual Machining 
834,MCH287A,TSA CNC Turning 
835,MCH288A,TSA CNC Milling 
849,MCH290,Mastercam Fundamentals Orient. 
850,MCH291,Laser Cutting and Eng. Fund. 
851,MCH292,FDM Additive Manuf. Fund. 
852,MCH293,CNC Router Fund. Orient. 
920,MLT110,Medical Lab Technology Intro 
921,MLT224,Clinical Chemistry I 
922,MLT241,Immunohematology I 
923,MLT251,Hematology I 
924,MLT261,Clinical Bacteriology I 
925,MLT273,Clinical Laboratory Prac III 
926,MLT282,Clinical Seminar I 
941,MM110,Introduction to Multimedia 
942,MM120,Multimedia Design 
943,MM130,MM Graphic Video & Audio Prod 
944,MM140,Multimedia Authoring I 
945,MM150,"MM Proj Review,Test & Delivery "
946,MM160,Market Yourself as MM Profess 
947,MM230,Graphics for Multimedia 
948,MM231,2D Animation I 
949,MM232,MM 3D Modeling & Animation 
950,MM235,Digital Video Edit/Production 
951,MM237,Video Compositing and Effects 
952,MM239,Digital Video Edit/PostProd II 
953,MM247,Field Sound for Video 
954,MM250,Adv MM Project Development I 
955,MM253,Int Modeling and Texturing 
956,MM259,Screenwriting/Preproduction 
957,MM260,Video Production I 
958,MM261,Video Production II 
959,MM263,Cinematography/Lighting 
960,MM267,Special FX I- Green Screen 
961,MM280,CE:  Work Experienc/Multimedia 
927,MP108,Healthcare Career Essentials 
928,MP111,Medical Terminology 
929,MP135,Pharmacology - Allied Health 
930,MP140,Intro to Health Law and Ethics 
931,MP150,Intro to Elec Health Records 
854,MSD101,Prin of Management/Supervision 
859,MSD105,Workplace Communication Skills 
860,MSD107,Organizations & People 
861,MSD110,Gender Conflict Resolution 
862,MSD113,Influence Without Authority 
855,MSD115,Improving Work Relations 
863,MSD116,Creative Think/Innovati Change 
856,MSD117,Customer Relations 
857,MSD121,Leadership Skill Development 
864,MSD122,Motivation w/o Manipulation 
858,MSD130,Creative Problem Solving 
865,MSD142B,Thriving in Transition 
866,MSD150,Listening Skills 
867,MSD151,Working with Difficult People 
868,MSD157,Conflict Management 
869,MSD159,Stress Control 
870,MSD160A,Communication Styles 
871,MSD162,Angry Feel & Angry People 
872,MSD174,Time Management 
873,MSD177,Team Building 
874,MSD180A,Goal Setting and Productivity 
875,MSD192A,Project Management 
876,MSD199G,Global Logistics 
877,MSD199S,Supply Chain Management 
878,MSD200,Organizations & Social Resp 
879,MSD279,Project Management - Intro 
880,MSD280A,CE: Mgt/Supervisory Dev 
881,MSD280B,CE: Mgt/Super Dev - Sem 
932,MT101,Intro to Semiconductor Manuf 
933,MT102,Intro to Semiconductor Dev 
934,MT103,Intro to Micro and Nano Proc 
935,MT108,Statistics for Process Control 
936,MT111,Elec Circuits & Devices I 
937,MT112,Elec Circuits & Devices II 
938,MT121,Digital Systems I 
939,MT227,Process Equipment II 
940,MT240,RF Plasma Systems 
899,MTH105,Math in Society 
900,MTH111,College Algebra 
901,MTH112,Elementary Functions 
892,MTH20,Basic Math 
902,MTH211,Foundations of Elem Math I 
903,MTH212,Foundations of Elem Math II 
904,MTH213,Foundations of Elem Math III 
905,MTH243,Statistics I 
906,MTH244,Statistics II 
907,MTH251,Calculus I 
908,MTH252,Calculus II 
909,MTH253,Calculus III 
910,MTH254,Vector Calculus I 
911,MTH256,Differential Equations 
912,MTH261,Applied Linear Algebra I 
893,MTH58,Math Literacy I 
894,MTH60,Introductory Algebra- 1st Term 
895,MTH65,Introductory Algebra-2nd Term 
896,MTH70,Review of Intro Algebra 
897,MTH95,Intermediate Algebra 
898,MTH98,Math Literacy II 
1012,MUC102,Commercial Music Theory II 
1013,MUC120B,Sight Singing/Ear Training II 
1014,MUC130B,Rhythm Training II 
1015,MUC140B,Group Piano II 
1016,MUC154B,Band Performance Workshop II 
1029,MUC166,Songwriting & Music Publishing 
1030,MUC201,Analog Modular Synthesis 
1017,MUC224,Studio Recording Technology II 
1031,MUC270,Audio Programming I 
1032,MUC271,Audio Programming II 
1033,MUC273,Programming Interactive Video 
962,MUS101,Introduction to Music 
963,MUS105,Music Appreciation 
964,MUS108,Music Cultures of the World 
965,MUS110,Fundamentals of Music 
1018,MUS110,Fundamentals of Music 
966,MUS112,Music Theory I (part two) 
1020,MUS112,Music Theory I (part two) 
967,MUS112C,Sight Singing/Ear Training II 
968,MUS131,Group Vocal 
1021,MUS131,Group Vocal 
969,MUS153A,Musical Theatre Vocal 
970,MUS153B,Musical Theatre Vocal 
971,MUS153C,Musical Theatre Vocal 
1011,MUS157,Jazz Ensemble 
972,MUS158A,Chamber Ensemble 
973,MUS158B,Chamber Ensemble 
974,MUS158C,Chamber Ensemble 
975,MUS158D,Chamber Ensemble 
976,MUS158E,Chamber Ensemble 
977,MUS158F,Chamber Ensemble 
978,MUS170,Music Tech: Beats and Basics 
1019,MUS170,Music Tech: Beats and Basics 
979,MUS171,Music Tech: Record and Mix 
1022,MUS171,Music Tech: Record and Mix 
980,MUS190,Introduction to Piano 
981,MUS191,Class Guitar I 
982,MUS191P,Class Piano I 
983,MUS192,Class Guitar II 
984,MUS192P,Class Piano II 
985,MUS193,Class Guitar III 
986,MUS195A,Symphonic Band 
987,MUS195B,Symphonic Band 
988,MUS195C,Symphonic Band 
989,MUS195D,Symphonic Band 
990,MUS195E,Symphonic Band 
991,MUS195F,Symphonic Band 
992,MUS202,Intro to Music & Its Lit 
993,MUS205,Introduction to Jazz History 
1034,MUS205,Introduction to Jazz History 
994,MUS206,Intro to History of Rock Music 
1023,MUS206,Intro to History of Rock Music 
995,MUS207,Intro to History of Folk Music 
1035,MUS207,Intro to History of Folk Music 
996,MUS212A,Music Theory II (part two) 
997,MUS212B,Music Theo II: Keybrd Harmny 2 
998,MUS220A,Chorus 
1024,MUS220A,Chorus 
999,MUS220B,Chorus 
1025,MUS220B,Chorus 
1000,MUS220C,Chorus 
1026,MUS220C,Chorus 
1001,MUS220D,Chorus 
1027,MUS220D,Chorus 
1002,MUS220E,Chorus 
1028,MUS220E,Chorus 
1003,MUS220F,Chorus 
1004,MUS221A,Chamber Chorus 
1005,MUS221B,Chamber Chorus 
1006,MUS221C,Chamber Chorus 
1007,MUS221D,Chamber Chorus 
1008,MUS221E,Chamber Chorus 
1009,MUS221F,Chamber Chorus 
1010,MUS236,Intro to Latin American Music 
1038,OMT102,Ocular Disease 
1039,OMT104,Ophthalmic Office Procedures 
1040,OMT146,Clinical Optics 2 
1041,OMT207,Diagnostic Procedures II 
1042,OMT222,Ophthalmic Practicum Second Yr 
1043,OMT232,Seminar II 
1044,OMT250,Ophthalmic Imaging 
357,OS131,10-key on Calculators 
358,OS220,Business Editing Skills 
359,OS240,Filing and Records Management 
360,OS245,Office Systems and Procedures 
361,OS280F,CE: Administrative Assistant 
1082,PE10,Physical Ed Activity Program 
1158,PE120A,Ballet I 
1159,PE120B,Ballet I 
1160,PE120C,Ballet II 
1161,PE120D,Ballet II 
1162,PE120E,Ballet III 
1163,PE120F,Ballet III 
1169,PE121A,Modern Dance I 
1170,PE121B,Modern Dance I 
1171,PE121C,Modern Dance II 
1172,PE121D,Modern Dance II 
1173,PE124,World Dance 
1083,PE130A,Adapted Physical Education I 
1084,PE130B,Adapted Physical Education II 
1085,PE130C,Adapted Physical Education III 
1122,PE140A,Boxing I 
1123,PE140B,Boxing II 
1094,PE142A,Zumba Fitness I 
1095,PE142B,Zumba Fitness II 
1146,PE143A,Aquatic Exercise I 
1147,PE143B,Aquatic Exercise II 
1148,PE143C,Aquatic Exercise III 
1088,PE162G,Cardio Conditioning 
1134,PE162J,Brazilian Jiu Jitsu I 
1135,PE162K,Brazilian Jiu Jitsu II 
1136,PE162L,Brazilian Jiu Jitsu III 
1104,PE162M,Mixed Martial Arts (MMA) 
1089,PE162O,Core Fitness 
1149,PE180A,Beginning Swim 
1150,PE180B,Intermediate Swimming 
1154,PE180K,Masters Swimming 
1151,PE180L,Swim Conditioning I 
1152,PE180M,Swim Conditioning II 
1153,PE180N,Swim Conditioning III 
1099,PE181A,Beg Weight Training 
1100,PE181B,Int Weight Training 
1101,PE181C,Adv Weight Training 
1110,PE181D,Interval Training I 
1111,PE181E,Interval Training II 
1098,PE181M,Boot Camp II 
1092,PE182A,Beg Group Fitness 
1093,PE182B,Int Group Fitness 
1090,PE182C,Walking for Fitness I 
1091,PE182D,Walking for Fitness II 
1096,PE182E,Running for Fitness 
1097,PE182F,Boot Camp I 
1133,PE182G,Tai Chi II 
1086,PE182H,Adult Fitness 
1129,PE182J,Gentle Yoga 
1130,PE182K,Yoga I 
1131,PE182L,Yoga II 
1102,PE182P,Pilates I 
1121,PE182Q,Self-Paced Fitness 
1107,PE182R,Back Care 
1132,PE182S,Tai Chi I 
1103,PE182U,Pilates II 
1105,PE182W,Phy. Act. for Weight Control 
1087,PE182Y,Indoor Cycling 
1139,PE183A,Beginning Hiking 
1140,PE183D,Introduction to Rock Climbing 
1137,PE183E,Beginning Tennis 
1138,PE183F,Intermediate Tennis 
1124,PE183V,Judo I 
1125,PE183W,Judo II 
1126,PE183X,Tae Kwon Do I 
1127,PE183Y,Tae Kwon Do II 
1128,PE183Z,Tae Kwon Do III 
1174,PE184A,Beginning Skiing - Nordic 
1175,PE184B,Intermediate Skiing - Nordic 
1176,PE184C,Adv Skiing - Nordic 
1177,PE184D,Beginning Skiing - Alpine 
1178,PE184E,Intermediate Skiing - Alpine 
1179,PE184F,Advanced Skiing - Alpine 
1180,PE184I,Beginning Snowboard Skiing 
1181,PE184J,Intermediate Snowboard Skiing 
1182,PE184L,Advanced Snowboarding Skiing 
1142,PE184M,Meditation - Mind-Body Fitness 
1106,PE184N,Phys Activity for Wght Ctrl II 
1112,PE185A,Beginning Basketball 
1113,PE185B,Intermediate Basketball 
1114,PE185C,Advanced Basketball 
1115,PE185D,Beginning Volleyball 
1116,PE185E,Intermediate Volleyball 
1117,PE185F,Advanced Volleyball 
1118,PE185G,Beginning Soccer 
1119,PE185H,Advanced Soccer 
1120,PE185L,Intermediate Soccer 
1108,PE185U,U-JAM Dance Fitness I 
1109,PE185V,U-JAM Dance Fitness II 
1164,PE186D,Ballroom Dance 
1167,PE186F,Jazz Dance I 
1168,PE186G,Jazz Dance II 
1165,PE186R,Hip Hop 
1166,PE186S,Hip Hop II 
1157,PE186Z,Conditioning for Dance 
1141,PE250,Intro to Outdoor Leadership 
632,PE281,Pro Act: Weight Training 
633,PE283,Pro Act: Mind-Body Disciplines 
1155,PE291A,Lifeguard Training 
1156,PE293,Scuba Diving 
1081,PE295,Health & Fitness for Life Lab 
1143,PE299B,Boxing III 
1144,PE299E,Self-Defense 
1145,PE299M,Beginning Meditation 
1065,PHL191,Analysis & Eval of Argument 
1066,PHL195,Science & the Unknown 
1067,PHL197,Critical Thinking & Media 
1068,PHL201,Being and Knowing 
1069,PHL201H,Being and Knowing: Honors 
1070,PHL202,Ethics 
1071,PHL204,Philosophy of Religion 
1072,PHL206,Intro to Environmental Ethics 
1073,PHL207,Ethics and Aging 
1074,PHL208,Political Philosophy 
1075,PHL209,Business Ethics 
1076,PHL210,Intro to Asian Philosophy 
1077,PHL211,Existentialism 
1078,PHL212,Intro to Philosophy of Mind 
1079,PHL221,Symbolic Logic 
1183,PHY101,Fundamentals of Physics I 
1184,PHY102,Fundamentals of Physics II 
1185,PHY121,Elementary Astronomy 
1186,PHY122,Elementary Astronomy 
1187,PHY201,General Physics 
1188,PHY202,General Physics 
1189,PHY211,General Physics (Calculus) 
1190,PHY212,General Physics (Calculus) 
1191,PHY213,General Physics (Calculus) 
1045,PL101,Intro to Law - Fundamentals 
1046,PL102,Intro to Law-Substantive Areas 
1047,PL103,Introduction to Law - Ethics 
1048,PL105,Litigation 
1049,PL107,Techniques of Interview 
1050,PL111,Probate Practice 
1051,PL116,Real Property Law I 
1052,PL124,Law Office Management 
1053,PL130,Legal Software 
1054,PL201,Legal Research and Library Use 
1055,PL202,Computer Research in Law 
1056,PL204,Applied Legal Research/Draft 
1057,PL206,Intellectual Property Law 
1058,PL216,Employment Law 
1059,PL219,Contract and Consumer Law 
1060,PL220,Worker's Compensation 
1061,PL222,Corporate Law Practice 
1062,PL226,Criminal Law for Paralegal 
1063,PL240,Environmental Law 
1064,PL280A,CE: Paralegal 
1192,PS201,US Government 
1193,PS202,US Pub. Policy & Dem 
1194,PS203,State and Local Government 
1195,PS205,Global Politics:Conflict/Coop 
1196,PS211,Peace and Conflict 
1197,PS220,U.S. Foreign Policy 
1198,PS225,Polit Ideologies: Idea Systems 
1199,PS242,Modern China & Its Neighbors 
1200,PS280A,CE: Political Science 
1201,PSY101,Psychology and Human Relations 
1202,PSY201A,Intro to Psychology - Part 1 
1203,PSY202A,Intro to Psychology - Part 2 
1204,PSY213,Intro Behav Neuroscience 
1205,PSY214,Introduction to Personality 
1206,PSY215,Human Development 
1207,PSY216,Social Psychology 
1208,PSY222,Family & Intimate Relationship 
1209,PSY231,Human Sexuality 
1210,PSY232,Human Sexuality 
1211,PSY236,Psych of Adult Dev and Aging 
1212,PSY239,Intro to Abnormal Psychology 
1213,PSY240,Personal Awareness and Growth 
1223,R201,Asian Religions 
1224,R210,World Religions 
1225,R212,New Testament Intro 
1218,RD115,College Reading 
1219,RD116,College Vocabulary Development 
1215,RD80,Reading 80 
1216,RD90,Reading 90 
1226,RUS101,First Year Russian 
1227,RUS102,First Year Russian 
1228,RUS202,Second Year Russian 
1232,SJ210,Social Justice: Theory & Pract 
1233,SOC204,Sociology in Everyday Life 
1234,SOC205,Social Change in Societies 
1235,SOC206,Social Problems 
1236,SOC211,Peace and Conflict 
1237,SOC213,Diversity in the United States 
1238,SOC214B,Illumination Project 2 
1239,SOC218,Sociology of Gender 
1240,SOC219,Intro to Soc of Religion 
1242,SOC230,Intro to Gerontology 
1243,SOC231,Sociology of Health & Aging 
1241,SOC232,Death & Dying: Cult & Issues 
1244,SOC280A,CE: Sociology 
1245,SPA101,First Year Spanish-First Term 
1246,SPA102,First Year Spanish-Second Term 
1247,SPA103,First Year Spanish-Third Term 
1248,SPA111C,First Yr Spanish Conversation 
1249,SPA112C,First Yr Spanish Conversation 
1250,SPA113C,First Yr Spanish Conversation 
1251,SPA150,First Year Spanish 
1252,SPA202,Second Year Spanish-2nd Term 
1253,SPA212C,Inter Spanish Conversation 
1254,SPA218,SPA for Heritage Speakers 2nd 
1255,SPA250,Second Year Spanish 
1259,TA101,Theatre Appreciation 
1260,TA112,Introduction to Set Design 
1261,TA141,Fund of Acting Techniques 
1262,TA142,Fund of Acting Techniques 
1263,TA144,Improvisational Theatre 
1264,TA145,Acting for the Camera 
1265,TA190A,Projects in Theatre 
1266,TA190B,Projects in Theatre 
1267,TA190C,Projects in Theatre 
1268,TA199G,Production Support 
1269,TA250A,Technical Theatre Production 
1270,TA250B,Technical Theatre Production 
1271,TA250C,Technical Theatre Production 
1272,TA290A,Projects in Theatre 
1273,TA290B,Projects in Theatre 
1274,TA290C,Projects in Theatre 
1275,VT102,Animal Nursing & Restraint 
1276,VT106,Comp Vet Anatomy & Phys II 
1277,VT107,Vet Parasitology & Pathology 
1278,VT108,Pharmaceutical Mathematics 
1279,VT109,Radiation Safety 
1280,VT202,Surgical Nursing 
1281,VT207,Public Health & Sanitation 
1282,VT280B,CE: Clinic II 
1285,WLD101,Welding Process & Application 
1286,WLD102,Blueprint Reading 
1287,WLD111,SMAW:(E7024) & Oxy-acetylene 
1288,WLD112,SMAW: Mild Steel I (E7018) 
1289,WLD113,SMAW: Mild Steel II (E7018) 
1290,WLD114,SMAW: Mild Steel III (E6011) 
1291,WLD115,SMAW: Mild Steel IV (E6011) 
1292,WLD116A,Beg Shielded Metal Arc Welding 
1293,WLD116B,Basic Welding Practice 
1294,WLD126A,Beg Gas Tung Arc Weld Heliarc 
1295,WLD126B,Basic Gas Tung Arc Weld 
1296,WLD131,Gas Metal Arc Welding 
1297,WLD132,Gas Metal Arc Welding-Pulse 
1298,WLD136A,Beginning Wire Welding 
1299,WLD136B,Basic Wire Welding 
1300,WLD141,FCAW I (Gas Shielded) 
1301,WLD142,FCAW II (Self Shielding) 
1302,WLD146A,Beg Pipe Welding Practice 
1303,WLD146B,Basic Pipe Welding Practice 
1304,WLD151,SMAW Cer Prac:Unlim Thk Mld St 
1305,WLD152,FCAW-G Cert. Practice 
1306,WLD153,FCAW-S Cert. Practice 
1307,WLD156A,Beg Oxy-Acetylene Weld Prac 
1308,WLD156B,Basic Oxy-Acetylene Weld Prac 
1309,WLD166A,Beg Weld Pract Metal Sculpting 
1310,WLD166B,Basic Weld Prac Metal Sculpt 
1311,WLD176A,Beg Fabrication Welding Pract 
1312,WLD176B,Basic Fab Weld Practice 
1313,WLD186A,Beg Certification Welding Prac 
1314,WLD186B,Basic Cert Welding Practice 
1315,WLD190A,Beginning Welding Practice 
1316,WLD190B,Basic Welding Practice 
1317,WLD190C,Intermediate Welding Practice 
1318,WLD211,ACR Welding Aluminum 
1319,WLD216,Misc Electrodes & Adv Position 
1320,WLD216A,Intermediate Welding Practice 
1321,WLD216B,Adv Metal Arc Welding 
1322,WLD217,Diesel Welding 
1323,WLD221,GTAW: Mild Steel 
1324,WLD222,GTAW: Aluminum 
1325,WLD223,GTAW: Stainless Steel 
1326,WLD224,GTAW: (Mild Steel) Pipe I 
1327,WLD225,GTAW: (Mild Steel) Pipe II 
1328,WLD226A,Int Gas Tung Arc Welding 
1329,WLD226B,Adv Gas Tung Arc Weld 
1330,WLD236A,Intermediate Wire Welding 
1331,WLD236B,Advanced Wire Welding 
1332,WLD246A,Intermediate Pipe Welding Prac 
1333,WLD246B,Advanced Pipe Welding Practice 
1334,WLD253,"SMAW Cert Prac 3/8"" MS (E6011) "
1335,WLD254,"SMAW Cert Prac 3/8"" MS (E7018) "
1336,WLD256,Prep for Pipe Certification I 
1337,WLD256A,Int Oxy-Acetylene Welding Prac 
1338,WLD256B,Adv Oxy-Acetylene Welding 
1339,WLD257,Prep for Pipe Certification II 
1340,WLD260,Beginning Fabrication 
1341,WLD261,Basic Fabrication 
1342,WLD262,Intermediate Fabrication 
1343,WLD263,Welding Technology-Capstone 
1344,WLD266A,Int Weld Prac Metal Sculpt 
1345,WLD266B,Adv Weld Prac Metal Sculpt 
1346,WLD271,Oxy-acetylene Welding Projects 
1347,WLD276A,Int Fabrication Weld Prac 
1348,WLD276B,Adv Fab Welding Practice 
1349,WLD280A,CE: Welding 
1350,WLD280B,CE: Welding - Seminar 
1351,WLD286A,Int Cert Welding Practice 
1352,WLD286B,Adv Cert Welding Practice 
1353,WLD290,Submerged Arc Welding 
1361,WR105,Writing for Scholarships 
1365,WR115,Intro to Expository Writing 
1366,WR121,English Composition 
765,WR121H,English Composition: Honors 
1367,WR121H,English Composition: Honors 
1368,WR122,English Composition 
766,WR122H,English Composition: Honors 
1369,WR122H,English Composition: Honors 
1370,WR180,Composition Conf & Tutoring 
1371,WR222,Writing Research Papers 
1372,WR227,Technical/Profession WR 1 
1373,WR240,Creative Writing (Nonfiction) 
1374,WR241,Creative Writing (Fiction) 
1375,WR242,Creative Writing (Poetry) 
1376,WR243,Creative Wr (Script Wr) 
1377,WR244,Adv Creative Writing - Fiction 
1378,WR245,Adv Creative Writing - Poetry 
1379,WR246,"Adv Creative Wr, Edit & Pub "
1380,WR247,Adv Creative Scriptwriting 
1381,WR248,Adv Creative Writing-Nonfict 
1382,WR249,"Adv Creative Wr, Edit & Pub II "
1358,WR80,Writing 80 
1359,WR90,Writing 90 
1360,WR93,Basic Grammar 
1354,WS101,Women's Studies 
1355,WS201,Intercultural Women's Studies 
1356,WS210,Introduction to Queer Studies 
